{"mean":{"confidence_interval":{"confidence_level":0.95,"lower_bound":976865.078389262,"upper_bound":978599.9593289826},"point_estimate":977725.891165616,"standard_error":442.6029459650725},"median":{"confidence_interval":{"confidence_level":0.95,"lower_bound":976552.2815656567,"upper_bound":978320.0240707569},"point_estimate":977161.9736363636,"standard_error":490.01169208897255},"median_abs_dev":{"confidence_interval":{"confidence_level":0.95,"lower_bound":1074.831453281572,"upper_bound":3375.6988545829363},"point_estimate":1963.7093539802227,"standard_error":603.358465717309},"slope":{"confidence_interval":{"confidence_level":0.95,"lower_bound":976554.2844655183,"upper_bound":978881.3142147767},"point_estimate":977765.4291909043,"standard_error":591.895447609965},"std_dev":{"confidence_interval":{"confidence_level":0.95,"lower_bound":1833.5376663060297,"upper_bound":2968.0911350898045},"point_estimate":2471.4669233472023,"standard_error":288.991174714581}}