{"mean":{"confidence_interval":{"confidence_level":0.95,"lower_bound":1991269.7061515395,"upper_bound":2012649.9751922034},"point_estimate":2001405.2937853565,"standard_error":5438.587166622336},"median":{"confidence_interval":{"confidence_level":0.95,"lower_bound":1985866.2406517095,"upper_bound":2003529.456495098},"point_estimate":1998490.0962301588,"standard_error":4646.142848966077},"median_abs_dev":{"confidence_interval":{"confidence_level":0.95,"lower_bound":12291.195358639698,"upper_bound":36242.28833043454},"point_estimate":25642.712814195198,"standard_error":6015.397263837921},"slope":{"confidence_interval":{"confidence_level":0.95,"lower_bound":1997561.2557260424,"upper_bound":2022972.9576632753},"point_estimate":2009920.6812621187,"standard_error":6525.424981361629},"std_dev":{"confidence_interval":{"confidence_level":0.95,"lower_bound":19395.67919905609,"upper_bound":39662.265205598036},"point_estimate":30205.495808910568,"standard_error":5321.1580461418425}}