{"mean":{"confidence_interval":{"confidence_level":0.95,"lower_bound":903.605152362048,"upper_bound":1060.1755762533767},"point_estimate":985.8412676623865,"standard_error":40.08766019174985},"median":{"confidence_interval":{"confidence_level":0.95,"lower_bound":974.6709795045895,"upper_bound":1110.6386217141928},"point_estimate":1106.847707084678,"standard_error":36.45208994195083},"median_abs_dev":{"confidence_interval":{"confidence_level":0.95,"lower_bound":17.801325852704664,"upper_bound":225.405348215448},"point_estimate":50.467295520914845,"standard_error":55.643459154692},"slope":{"confidence_interval":{"confidence_level":0.95,"lower_bound":1092.3608082530257,"upper_bound":1150.8565719015332},"point_estimate":1120.355104509751,"standard_error":14.999096666272887},"std_dev":{"confidence_interval":{"confidence_level":0.95,"lower_bound":149.4009332686062,"upper_bound":272.05787848430316},"point_estimate":223.97425660622335,"standard_error":31.37448600888715}}