{"mean":{"confidence_interval":{"confidence_level":0.95,"lower_bound":104207.5685388932,"upper_bound":105145.08431682209},"point_estimate":104618.76816801731,"standard_error":241.78231528379757},"median":{"confidence_interval":{"confidence_level":0.95,"lower_bound":104108.14031986531,"upper_bound":104806.56223762123},"point_estimate":104321.74524087024,"standard_error":185.80202975939102},"median_abs_dev":{"confidence_interval":{"confidence_level":0.95,"lower_bound":458.8835354026812,"upper_bound":1330.8640193236904},"point_estimate":792.1120997656043,"standard_error":218.90762041097747},"slope":{"confidence_interval":{"confidence_level":0.95,"lower_bound":103829.2772912707,"upper_bound":104617.33813314782},"point_estimate":104216.51994722476,"standard_error":202.62007947585187},"std_dev":{"confidence_interval":{"confidence_level":0.95,"lower_bound":650.1931113085888,"upper_bound":2031.616656918104},"point_estimate":1348.9917019443171,"standard_error":420.00100243693726}}