{"mean":{"confidence_interval":{"confidence_level":0.95,"lower_bound":1428070.8974640095,"upper_bound":1451739.3785851605},"point_estimate":1440817.1030736763,"standard_error":6064.070147509748},"median":{"confidence_interval":{"confidence_level":0.95,"lower_bound":1446275.2029671716,"upper_bound":1456152.24122807},"point_estimate":1451584.1258169934,"standard_error":2838.4428442351573},"median_abs_dev":{"confidence_interval":{"confidence_level":0.95,"lower_bound":7195.969883079154,"upper_bound":21635.50606711291},"point_estimate":12247.456296025608,"standard_error":3628.1158688633063},"slope":{"confidence_interval":{"confidence_level":0.95,"lower_bound":1446737.1808516548,"upper_bound":1453671.5852603868},"point_estimate":1449647.233509607,"standard_error":1779.6853810564774},"std_dev":{"confidence_interval":{"confidence_level":0.95,"lower_bound":17879.98994031894,"upper_bound":43693.93336207206},"point_estimate":33895.76461409053,"standard_error":6551.752388743759}}