{"mean":{"confidence_interval":{"confidence_level":0.95,"lower_bound":238.42295882135517,"upper_bound":240.4788339937507},"point_estimate":239.53508048270362,"standard_error":0.5229989080880947},"median":{"confidence_interval":{"confidence_level":0.95,"lower_bound":239.84226250046913,"upper_bound":240.95761308297645},"point_estimate":240.55934655919356,"standard_error":0.2702955981082817},"median_abs_dev":{"confidence_interval":{"confidence_level":0.95,"lower_bound":0.5377280807563332,"upper_bound":2.254099450674433},"point_estimate":1.373730100805587,"standard_error":0.4573048424283097},"slope":{"confidence_interval":{"confidence_level":0.95,"lower_bound":240.78052067674372,"upper_bound":241.38847253869383},"point_estimate":241.10946473864826,"standard_error":0.15525694718044153},"std_dev":{"confidence_interval":{"confidence_level":0.95,"lower_bound":1.652506041713534,"upper_bound":3.728992043710641},"point_estimate":2.910641379971926,"standard_error":0.5365359895853157}}