{"mean":{"confidence_interval":{"confidence_level":0.95,"lower_bound":99802.67826784431,"upper_bound":100318.54358161248},"point_estimate":100040.08563965264,"standard_error":131.801415497086},"median":{"confidence_interval":{"confidence_level":0.95,"lower_bound":99623.7393001735,"upper_bound":100180.4661612426},"point_estimate":99819.93088942308,"standard_error":165.60086554472068},"median_abs_dev":{"confidence_interval":{"confidence_level":0.95,"lower_bound":309.25986067942017,"upper_bound":842.2313742781716},"point_estimate":594.8517873960009,"standard_error":133.59351856104195},"slope":{"confidence_interval":{"confidence_level":0.95,"lower_bound":99957.36075204205,"upper_bound":100578.36422683747},"point_estimate":100294.595060611,"standard_error":158.6112880626234},"std_dev":{"confidence_interval":{"confidence_level":0.95,"lower_bound":426.24568241289546,"upper_bound":991.0455470271147},"point_estimate":730.705602994516,"standard_error":150.1457009609516}}