{"mean":{"confidence_interval":{"confidence_level":0.95,"lower_bound":22985.51459497248,"upper_bound":23837.823465383666},"point_estimate":23352.690593056508,"standard_error":219.76255795396784},"median":{"confidence_interval":{"confidence_level":0.95,"lower_bound":22954.60394944708,"upper_bound":23589.39672985782},"point_estimate":23419.50523731025,"standard_error":165.87643303100717},"median_abs_dev":{"confidence_interval":{"confidence_level":0.95,"lower_bound":205.44265038109825,"upper_bound":1012.9599361040448},"point_estimate":575.8252002983844,"standard_error":202.6110488673439},"slope":{"confidence_interval":{"confidence_level":0.95,"lower_bound":23378.404602005754,"upper_bound":24223.992430897335},"point_estimate":23694.66624569863,"standard_error":224.21961444311867},"std_dev":{"confidence_interval":{"confidence_level":0.95,"lower_bound":540.3821509976095,"upper_bound":1891.420966588428},"point_estimate":1223.4837671204364,"standard_error":415.86169145979}}