{"mean":{"confidence_interval":{"confidence_level":0.95,"lower_bound":124877.63560079035,"upper_bound":125906.9574985501},"point_estimate":125375.45632703598,"standard_error":262.77907861395863},"median":{"confidence_interval":{"confidence_level":0.95,"lower_bound":124421.68031215772,"upper_bound":125791.82391102874},"point_estimate":124970.34358486577,"standard_error":392.9085057024819},"median_abs_dev":{"confidence_interval":{"confidence_level":0.95,"lower_bound":725.5961844561008,"upper_bound":2106.9476176544435},"point_estimate":1369.462591060677,"standard_error":359.3774770026453},"slope":{"confidence_interval":{"confidence_level":0.95,"lower_bound":124903.83663922855,"upper_bound":125781.68031728723},"point_estimate":125345.63061808312,"standard_error":225.05191703978068},"std_dev":{"confidence_interval":{"confidence_level":0.95,"lower_bound":1089.8696947645847,"upper_bound":1740.1919514153594},"point_estimate":1464.1598626521286,"standard_error":165.66671386670177}}