{"mean":{"confidence_interval":{"confidence_level":0.95,"lower_bound":45549.84242275277,"upper_bound":46661.04941145055},"point_estimate":46140.836142961336,"standard_error":285.27592813678166},"median":{"confidence_interval":{"confidence_level":0.95,"lower_bound":46320.04411206078,"upper_bound":46689.774346764345},"point_estimate":46508.40024736048,"standard_error":95.89881999863474},"median_abs_dev":{"confidence_interval":{"confidence_level":0.95,"lower_bound":252.66895531178153,"upper_bound":1249.1449665411917},"point_estimate":442.3940955523287,"standard_error":252.09983823104895},"slope":{"confidence_interval":{"confidence_level":0.95,"lower_bound":46392.427626114186,"upper_bound":46659.69707250335},"point_estimate":46504.51374472874,"standard_error":68.47286151579705},"std_dev":{"confidence_interval":{"confidence_level":0.95,"lower_bound":895.5125175582218,"upper_bound":2043.5830034615128},"point_estimate":1589.6376155655832,"standard_error":293.3163015133461}}