{"mean":{"confidence_interval":{"confidence_level":0.95,"lower_bound":67530.04659641958,"upper_bound":69621.25706838792},"point_estimate":68490.46866023066,"standard_error":536.8074526857142},"median":{"confidence_interval":{"confidence_level":0.95,"lower_bound":66732.7233365949,"upper_bound":68938.82697325505},"point_estimate":68284.61386868209,"standard_error":646.0216097873608},"median_abs_dev":{"confidence_interval":{"confidence_level":0.95,"lower_bound":841.5514647835446,"upper_bound":3479.9096934341724},"point_estimate":2515.2852048236864,"standard_error":647.8859430162694},"slope":{"confidence_interval":{"confidence_level":0.95,"lower_bound":68419.42678848871,"upper_bound":70250.65813277711},"point_estimate":69177.59560571706,"standard_error":474.0636765264882},"std_dev":{"confidence_interval":{"confidence_level":0.95,"lower_bound":1681.1675958111068,"upper_bound":4125.789342224216},"point_estimate":2992.256980053812,"standard_error":653.5093165827539}}