{"mean":{"confidence_interval":{"confidence_level":0.95,"lower_bound":1244447.4130771842,"upper_bound":1260915.5023733736},"point_estimate":1253256.041100691,"standard_error":4228.155706000694},"median":{"confidence_interval":{"confidence_level":0.95,"lower_bound":1250693.1034798534,"upper_bound":1265614.297488226},"point_estimate":1257754.5584233692,"standard_error":4767.300842672793},"median_abs_dev":{"confidence_interval":{"confidence_level":0.95,"lower_bound":8181.654522988441,"upper_bound":22996.85476222429},"point_estimate":13015.846199956892,"standard_error":3731.905757603187},"slope":{"confidence_interval":{"confidence_level":0.95,"lower_bound":1252737.7508268438,"upper_bound":1259161.026110515},"point_estimate":1255337.598972577,"standard_error":1646.0365157333144},"std_dev":{"confidence_interval":{"confidence_level":0.95,"lower_bound":12693.869387832574,"upper_bound":30537.76340006475},"point_estimate":23579.675061390222,"standard_error":4417.458524793347}}