{"mean":{"confidence_interval":{"confidence_level":0.95,"lower_bound":25980.669978059155,"upper_bound":27502.3762708965},"point_estimate":26736.296008134133,"standard_error":389.2281450936244},"median":{"confidence_interval":{"confidence_level":0.95,"lower_bound":26572.864847590954,"upper_bound":26942.649377253358},"point_estimate":26800.080738030407,"standard_error":124.57859989901503},"median_abs_dev":{"confidence_interval":{"confidence_level":0.95,"lower_bound":312.4047959335332,"upper_bound":2553.9829135072987},"point_estimate":625.3588812272988,"standard_error":629.7386676354914},"slope":{"confidence_interval":{"confidence_level":0.95,"lower_bound":27270.151503205405,"upper_bound":29038.93158809441},"point_estimate":28196.905078394942,"standard_error":452.99682434270414},"std_dev":{"confidence_interval":{"confidence_level":0.95,"lower_bound":1513.955069917091,"upper_bound":2643.328488060944},"point_estimate":2160.388977902498,"standard_error":288.93482116858587}}