{"mean":{"confidence_interval":{"confidence_level":0.95,"lower_bound":7360.471785329157,"upper_bound":7463.562330112468},"point_estimate":7416.150527653434,"standard_error":26.41276037870509},"median":{"confidence_interval":{"confidence_level":0.95,"lower_bound":7462.718347091754,"upper_bound":7479.189617760599},"point_estimate":7468.8933882226265,"standard_error":4.400770016775531},"median_abs_dev":{"confidence_interval":{"confidence_level":0.95,"lower_bound":10.438709642832828,"upper_bound":60.06891875721336},"point_estimate":24.160797380296188,"standard_error":13.796028921350572},"slope":{"confidence_interval":{"confidence_level":0.95,"lower_bound":7464.959001145213,"upper_bound":7491.3962321239815},"point_estimate":7476.2104306389065,"standard_error":6.915103884529299},"std_dev":{"confidence_interval":{"confidence_level":0.95,"lower_bound":83.58351408760869,"upper_bound":186.56832022829732},"point_estimate":147.0694004500186,"standard_error":26.55497400952542}}