{"mean":{"confidence_interval":{"confidence_level":0.95,"lower_bound":72480.06879538175,"upper_bound":73362.29541870505},"point_estimate":72928.35141108227,"standard_error":225.57954847487593},"median":{"confidence_interval":{"confidence_level":0.95,"lower_bound":72107.73611111112,"upper_bound":73878.94495279592},"point_estimate":73613.52657407407,"standard_error":481.5247997421264},"median_abs_dev":{"confidence_interval":{"confidence_level":0.95,"lower_bound":298.39985902706866,"upper_bound":1975.3699227079542},"point_estimate":800.9355217575634,"standard_error":477.5028016922903},"slope":{"confidence_interval":{"confidence_level":0.95,"lower_bound":73549.60359274158,"upper_bound":73963.60531915684},"point_estimate":73797.46806902089,"standard_error":105.38932888357007},"std_dev":{"confidence_interval":{"confidence_level":0.95,"lower_bound":1027.0956220911435,"upper_bound":1383.5185450561346},"point_estimate":1256.2625739208668,"standard_error":90.5772764089537}}