{"mean":{"confidence_interval":{"confidence_level":0.95,"lower_bound":27772.603851240503,"upper_bound":29311.90223615364},"point_estimate":28350.221627064,"standard_error":431.2412884582186},"median":{"confidence_interval":{"confidence_level":0.95,"lower_bound":27571.86792752702,"upper_bound":27988.05117021026},"point_estimate":27839.021749195545,"standard_error":154.2677835333825},"median_abs_dev":{"confidence_interval":{"confidence_level":0.95,"lower_bound":137.1294861696862,"upper_bound":696.4482462448601},"point_estimate":397.62886105637875,"standard_error":161.66295669656012},"slope":{"confidence_interval":{"confidence_level":0.95,"lower_bound":27964.90122613341,"upper_bound":28541.87880160338},"point_estimate":28216.266753492328,"standard_error":148.1453365958198},"std_dev":{"confidence_interval":{"confidence_level":0.95,"lower_bound":372.0257702676752,"upper_bound":3962.8042144786605},"point_estimate":2407.576852807175,"standard_error":1201.7365813363144}}