{"mean":{"confidence_interval":{"confidence_level":0.95,"lower_bound":96037.21523326976,"upper_bound":97562.70632807197},"point_estimate":96816.30665665898,"standard_error":390.1876606881951},"median":{"confidence_interval":{"confidence_level":0.95,"lower_bound":95664.57776292335,"upper_bound":98433.99871001032},"point_estimate":98061.57788671023,"standard_error":772.552460273466},"median_abs_dev":{"confidence_interval":{"confidence_level":0.95,"lower_bound":504.33255611166936,"upper_bound":3443.46077759182},"point_estimate":1507.6781776124558,"standard_error":808.4878355316517},"slope":{"confidence_interval":{"confidence_level":0.95,"lower_bound":97966.58961930712,"upper_bound":98549.3019905087},"point_estimate":98322.96031252269,"standard_error":149.22363360184053},"std_dev":{"confidence_interval":{"confidence_level":0.95,"lower_bound":1768.0051523578695,"upper_bound":2388.5646994070207},"point_estimate":2176.7554433227688,"standard_error":157.85898616185196}}