{"mean":{"confidence_interval":{"confidence_level":0.95,"lower_bound":6135.501800846837,"upper_bound":6283.739840805556},"point_estimate":6207.891141098343,"standard_error":37.91931928541579},"median":{"confidence_interval":{"confidence_level":0.95,"lower_bound":6104.18149812304,"upper_bound":6242.194768163605},"point_estimate":6201.282930546484,"standard_error":35.810626614809856},"median_abs_dev":{"confidence_interval":{"confidence_level":0.95,"lower_bound":100.78960652763104,"upper_bound":324.82382718021836},"point_estimate":212.54593787634704,"standard_error":54.487183412020684},"slope":{"confidence_interval":{"confidence_level":0.95,"lower_bound":6043.824457919221,"upper_bound":6234.948905887749},"point_estimate":6131.559208820633,"standard_error":49.03377458026919},"std_dev":{"confidence_interval":{"confidence_level":0.95,"lower_bound":157.8003826368481,"upper_bound":250.3832231730209},"point_estimate":211.08372280127224,"standard_error":23.610063704671443}}