{"mean":{"confidence_interval":{"confidence_level":0.95,"lower_bound":34174.39999076378,"upper_bound":34817.918168505836},"point_estimate":34493.43538063481,"standard_error":165.05479813504974},"median":{"confidence_interval":{"confidence_level":0.95,"lower_bound":33747.164838035525,"upper_bound":35038.25777230432},"point_estimate":34707.36078304598,"standard_error":350.8425899823888},"median_abs_dev":{"confidence_interval":{"confidence_level":0.95,"lower_bound":418.328960055938,"upper_bound":1423.5864827987884},"point_estimate":1009.78010294609,"standard_error":266.50639822193915},"slope":{"confidence_interval":{"confidence_level":0.95,"lower_bound":34875.24170299355,"upper_bound":35333.80249953993},"point_estimate":35101.32816535677,"standard_error":116.08683285454487},"std_dev":{"confidence_interval":{"confidence_level":0.95,"lower_bound":721.6423830433024,"upper_bound":1101.9900383929892},"point_estimate":919.9205147843614,"standard_error":99.42357876949036}}