{"mean":{"confidence_interval":{"confidence_level":0.95,"lower_bound":39859.26782110336,"upper_bound":41144.05415172484},"point_estimate":40540.17137865442,"standard_error":328.9923325228883},"median":{"confidence_interval":{"confidence_level":0.95,"lower_bound":40270.74130796303,"upper_bound":41541.77292387543},"point_estimate":40708.35513148403,"standard_error":382.1589097437642},"median_abs_dev":{"confidence_interval":{"confidence_level":0.95,"lower_bound":676.9598034531851,"upper_bound":2131.786863457067},"point_estimate":1374.0107625068842,"standard_error":337.32809863348575},"slope":{"confidence_interval":{"confidence_level":0.95,"lower_bound":40443.049739380214,"upper_bound":41282.01229282204},"point_estimate":40800.757774262944,"standard_error":214.6463102251314},"std_dev":{"confidence_interval":{"confidence_level":0.95,"lower_bound":1040.9753765152652,"upper_bound":2378.911741040776},"point_estimate":1833.1025963242196,"standard_error":336.11225124677054}}