{"mean":{"confidence_interval":{"confidence_level":0.95,"lower_bound":85211.20527465988,"upper_bound":86197.8040092879},"point_estimate":85676.28805207057,"standard_error":251.26484737362773},"median":{"confidence_interval":{"confidence_level":0.95,"lower_bound":84989.29629629629,"upper_bound":85915.20147058825},"point_estimate":85644.37945178073,"standard_error":237.82851566131143},"median_abs_dev":{"confidence_interval":{"confidence_level":0.95,"lower_bound":541.5544354255891,"upper_bound":1760.724936208278},"point_estimate":1177.1328776004254,"standard_error":313.9066398067182},"slope":{"confidence_interval":{"confidence_level":0.95,"lower_bound":84970.00763308496,"upper_bound":85854.07663447903},"point_estimate":85416.55286385311,"standard_error":225.3110413791748},"std_dev":{"confidence_interval":{"confidence_level":0.95,"lower_bound":859.682625571481,"upper_bound":1847.7918338688105},"point_estimate":1397.4234834068955,"standard_error":259.0657585426903}}