{"mean":{"confidence_interval":{"confidence_level":0.95,"lower_bound":47218.43872888959,"upper_bound":47604.32285856648},"point_estimate":47410.09536355416,"standard_error":98.52740288061221},"median":{"confidence_interval":{"confidence_level":0.95,"lower_bound":47161.93410966981,"upper_bound":47695.22910619255},"point_estimate":47260.13578167115,"standard_error":134.6922408337158},"median_abs_dev":{"confidence_interval":{"confidence_level":0.95,"lower_bound":301.9454342120932,"upper_bound":933.531908674755},"point_estimate":705.7867721395821,"standard_error":154.09193646094155},"slope":{"confidence_interval":{"confidence_level":0.95,"lower_bound":47531.93126097275,"upper_bound":47899.416052912515},"point_estimate":47742.994824541274,"standard_error":93.64744456270957},"std_dev":{"confidence_interval":{"confidence_level":0.95,"lower_bound":434.9242279305242,"upper_bound":631.9860308806202},"point_estimate":550.783625944307,"standard_error":50.279474390497654}}