{"mean":{"confidence_interval":{"confidence_level":0.95,"lower_bound":17752222.26201481,"upper_bound":17934493.3831421},"point_estimate":17845752.493339896,"standard_error":46587.851986850466},"median":{"confidence_interval":{"confidence_level":0.95,"lower_bound":17899906.807692308,"upper_bound":17971467.920454547},"point_estimate":17922581.079710145,"standard_error":19262.359568943284},"median_abs_dev":{"confidence_interval":{"confidence_level":0.95,"lower_bound":37562.42707688269,"upper_bound":276872.2742608508},"point_estimate":77344.98091525908,"standard_error":58046.59437005817},"slope":{"confidence_interval":{"confidence_level":0.95,"lower_bound":17564879.894299977,"upper_bound":17856898.69719871},"point_estimate":17687689.26938128,"standard_error":74791.94177920137},"std_dev":{"confidence_interval":{"confidence_level":0.95,"lower_bound":184412.20159542575,"upper_bound":304417.85579532885},"point_estimate":259033.40754736742,"standard_error":30500.95340844848}}