{"mean":{"confidence_interval":{"confidence_level":0.95,"lower_bound":103337.49775725693,"upper_bound":104916.0643293076},"point_estimate":104013.82264827407,"standard_error":409.94257790850236},"median":{"confidence_interval":{"confidence_level":0.95,"lower_bound":102943.93029796291,"upper_bound":103846.3603161242},"point_estimate":103460.63036963038,"standard_error":207.59857601928843},"median_abs_dev":{"confidence_interval":{"confidence_level":0.95,"lower_bound":514.3452157515924,"upper_bound":1356.8843716940967},"point_estimate":878.2770429389271,"standard_error":212.09877493296887},"slope":{"confidence_interval":{"confidence_level":0.95,"lower_bound":102910.89992767887,"upper_bound":103440.23712268473},"point_estimate":103153.72174201027,"standard_error":135.38490935906955},"std_dev":{"confidence_interval":{"confidence_level":0.95,"lower_bound":779.1857739026719,"upper_bound":3433.108026319414},"point_estimate":2285.0367208983776,"standard_error":745.4061981466726}}