{"mean":{"confidence_interval":{"confidence_level":0.95,"lower_bound":15531.090993428994,"upper_bound":15974.301966284378},"point_estimate":15767.227895639222,"standard_error":113.32164439540225},"median":{"confidence_interval":{"confidence_level":0.95,"lower_bound":15969.857961571874,"upper_bound":16080.375582779485},"point_estimate":16052.638411092374,"standard_error":35.27445924289824},"median_abs_dev":{"confidence_interval":{"confidence_level":0.95,"lower_bound":45.20757618447722,"upper_bound":366.5404078637607},"point_estimate":109.85110437506273,"standard_error":88.34933881274404},"slope":{"confidence_interval":{"confidence_level":0.95,"lower_bound":16028.671766508021,"upper_bound":16135.250951517564},"point_estimate":16082.360050046238,"standard_error":26.93628460443348},"std_dev":{"confidence_interval":{"confidence_level":0.95,"lower_bound":395.43969987563503,"upper_bound":787.3371116254596},"point_estimate":631.0759216912944,"standard_error":99.57446153522797}}