{"mean":{"confidence_interval":{"confidence_level":0.95,"lower_bound":66653.89814203639,"upper_bound":67106.9288805569},"point_estimate":66868.0146073508,"standard_error":115.5215377975988},"median":{"confidence_interval":{"confidence_level":0.95,"lower_bound":66548.00648407511,"upper_bound":66973.95910732713},"point_estimate":66739.98150516245,"standard_error":128.33788606788238},"median_abs_dev":{"confidence_interval":{"confidence_level":0.95,"lower_bound":323.627625627018,"upper_bound":918.5726383979544},"point_estimate":616.4020135664786,"standard_error":146.17981515829192},"slope":{"confidence_interval":{"confidence_level":0.95,"lower_bound":66690.93156385189,"upper_bound":67058.10435356387},"point_estimate":66899.73112749419,"standard_error":93.56056142495653},"std_dev":{"confidence_interval":{"confidence_level":0.95,"lower_bound":408.24088502367505,"upper_bound":840.4698484301467},"point_estimate":645.5932221020663,"standard_error":111.99680807271372}}