{"mean":{"confidence_interval":{"confidence_level":0.95,"lower_bound":96229.48387295123,"upper_bound":97647.72952610554},"point_estimate":96957.55154646003,"standard_error":361.5452331325664},"median":{"confidence_interval":{"confidence_level":0.95,"lower_bound":95726.02027629233,"upper_bound":98114.71606334842},"point_estimate":97957.75596405228,"standard_error":611.5191804460193},"median_abs_dev":{"confidence_interval":{"confidence_level":0.95,"lower_bound":723.0158383705476,"upper_bound":3220.879667595155},"point_estimate":1487.5498841450158,"standard_error":621.1904970947378},"slope":{"confidence_interval":{"confidence_level":0.95,"lower_bound":97930.56044650271,"upper_bound":98555.50143801792},"point_estimate":98305.5546925063,"standard_error":159.75773419885942},"std_dev":{"confidence_interval":{"confidence_level":0.95,"lower_bound":1595.8673374264033,"upper_bound":2281.327752226286},"point_estimate":2019.962137202976,"standard_error":173.90723871000878}}