{"mean":{"confidence_interval":{"confidence_level":0.95,"lower_bound":34352.90791283621,"upper_bound":35571.211331442035},"point_estimate":35002.00844727052,"standard_error":311.6848738496544},"median":{"confidence_interval":{"confidence_level":0.95,"lower_bound":35236.18137034391,"upper_bound":35610.87120889268},"point_estimate":35401.350525753485,"standard_error":112.22605036664595},"median_abs_dev":{"confidence_interval":{"confidence_level":0.95,"lower_bound":263.4332302927583,"upper_bound":1218.2676820566464},"point_estimate":451.06841949861877,"standard_error":247.5877907343848},"slope":{"confidence_interval":{"confidence_level":0.95,"lower_bound":35276.18055092784,"upper_bound":35603.29782892035},"point_estimate":35407.72642669196,"standard_error":83.54818084888002},"std_dev":{"confidence_interval":{"confidence_level":0.95,"lower_bound":1070.3722509538554,"upper_bound":2160.534919764898},"point_estimate":1739.9585601187014,"standard_error":279.9676811744475}}