{"mean":{"confidence_interval":{"confidence_level":0.95,"lower_bound":4959.00930278492,"upper_bound":5015.952790567133},"point_estimate":4986.416663934966,"standard_error":14.568254039917552},"median":{"confidence_interval":{"confidence_level":0.95,"lower_bound":4925.163565905128,"upper_bound":5002.590604534005},"point_estimate":4972.976520331054,"standard_error":24.594532499521296},"median_abs_dev":{"confidence_interval":{"confidence_level":0.95,"lower_bound":26.655471553498444,"upper_bound":121.0379851702689},"point_estimate":90.51966471766333,"standard_error":27.39483275677064},"slope":{"confidence_interval":{"confidence_level":0.95,"lower_bound":4965.413588192004,"upper_bound":5049.120563244008},"point_estimate":5010.167206934078,"standard_error":21.402786209050465},"std_dev":{"confidence_interval":{"confidence_level":0.95,"lower_bound":58.72470419718021,"upper_bound":97.9264301284479},"point_estimate":81.14499624917549,"standard_error":10.065824043509211}}