{"mean":{"confidence_interval":{"confidence_level":0.95,"lower_bound":584228.0280427629,"upper_bound":594463.8543293169},"point_estimate":589691.5938452493,"standard_error":2630.353333828604},"median":{"confidence_interval":{"confidence_level":0.95,"lower_bound":590733.2189440994,"upper_bound":596495.5445054945},"point_estimate":593796.0237254902,"standard_error":1525.691849380667},"median_abs_dev":{"confidence_interval":{"confidence_level":0.95,"lower_bound":3959.2876833686564,"upper_bound":13712.60438200717},"point_estimate":7654.522468009517,"standard_error":2451.877968678422},"slope":{"confidence_interval":{"confidence_level":0.95,"lower_bound":591232.885819044,"upper_bound":594935.7480856177},"point_estimate":592937.9936400494,"standard_error":949.3655037871474},"std_dev":{"confidence_interval":{"confidence_level":0.95,"lower_bound":8585.409238973372,"upper_bound":18722.513803414375},"point_estimate":14640.831610873869,"standard_error":2579.159314435323}}