{"mean":{"confidence_interval":{"confidence_level":0.95,"lower_bound":106327.0896627718,"upper_bound":107124.22835586681},"point_estimate":106699.70986044368,"standard_error":203.90089047848517},"median":{"confidence_interval":{"confidence_level":0.95,"lower_bound":106006.10271095838,"upper_bound":106964.44673539518},"point_estimate":106597.17696872563,"standard_error":221.96022955834255},"median_abs_dev":{"confidence_interval":{"confidence_level":0.95,"lower_bound":559.6625663526611,"upper_bound":1400.8560694032633},"point_estimate":971.566382095205,"standard_error":214.29700185879187},"slope":{"confidence_interval":{"confidence_level":0.95,"lower_bound":105827.10519009874,"upper_bound":106667.13977077027},"point_estimate":106146.43036848446,"standard_error":219.66072239564966},"std_dev":{"confidence_interval":{"confidence_level":0.95,"lower_bound":690.4972991080234,"upper_bound":1477.4537967497308},"point_estimate":1134.9461100592432,"standard_error":204.5173978261119}}