{"mean":{"confidence_interval":{"confidence_level":0.95,"lower_bound":95939.99430020482,"upper_bound":97593.90222532989},"point_estimate":96789.80388516629,"standard_error":422.8704239229084},"median":{"confidence_interval":{"confidence_level":0.95,"lower_bound":95465.59563106796,"upper_bound":98351.10660780047},"point_estimate":98054.74113205152,"standard_error":680.4780105783663},"median_abs_dev":{"confidence_interval":{"confidence_level":0.95,"lower_bound":430.6587972032279,"upper_bound":3697.131885560196},"point_estimate":1588.6736350274584,"standard_error":843.4968608231146},"slope":{"confidence_interval":{"confidence_level":0.95,"lower_bound":97830.67668828378,"upper_bound":98461.91471152312},"point_estimate":98169.711417907,"standard_error":161.06622025421794},"std_dev":{"confidence_interval":{"confidence_level":0.95,"lower_bound":1872.082916920775,"upper_bound":2619.3344725033103},"point_estimate":2355.1361940254224,"standard_error":189.7878741135882}}