{"mean":{"confidence_interval":{"confidence_level":0.95,"lower_bound":2381938.8892596965,"upper_bound":2411550.1966397185},"point_estimate":2397047.194034866,"standard_error":7572.8713153263525},"median":{"confidence_interval":{"confidence_level":0.95,"lower_bound":2381265.5954545457,"upper_bound":2423883.0154545456},"point_estimate":2414547.3675,"standard_error":10979.539081918989},"median_abs_dev":{"confidence_interval":{"confidence_level":0.95,"lower_bound":8788.186899555401,"upper_bound":63312.04171298689},"point_estimate":21573.742170989568,"standard_error":14625.178382639724},"slope":{"confidence_interval":{"confidence_level":0.95,"lower_bound":2417150.056189044,"upper_bound":2437893.3722385615},"point_estimate":2428196.119534638,"standard_error":5311.362145177579},"std_dev":{"confidence_interval":{"confidence_level":0.95,"lower_bound":32358.746727815727,"upper_bound":49151.601677445105},"point_estimate":42287.38354872995,"standard_error":4252.082774829184}}