{"mean":{"confidence_interval":{"confidence_level":0.95,"lower_bound":7441309.648098187,"upper_bound":7456894.869909497},"point_estimate":7449008.272134006,"standard_error":3967.453813144632},"median":{"confidence_interval":{"confidence_level":0.95,"lower_bound":7445681.483333333,"upper_bound":7454120.171296297},"point_estimate":7448834.508928571,"standard_error":2658.390746977284},"median_abs_dev":{"confidence_interval":{"confidence_level":0.95,"lower_bound":6504.051359529941,"upper_bound":31800.654290166574},"point_estimate":20585.469092034356,"standard_error":7545.296856012871},"slope":{"confidence_interval":{"confidence_level":0.95,"lower_bound":7449630.059208707,"upper_bound":7462220.036051014},"point_estimate":7455535.851824432,"standard_error":3204.3974340222558},"std_dev":{"confidence_interval":{"confidence_level":0.95,"lower_bound":15641.226274564571,"upper_bound":27734.11603064119},"point_estimate":22144.616203922276,"standard_error":3106.8980973691255}}