{"mean":{"confidence_interval":{"confidence_level":0.95,"lower_bound":117673.16172128715,"upper_bound":118835.32960149772},"point_estimate":118192.40934255786,"standard_error":298.0447237201347},"median":{"confidence_interval":{"confidence_level":0.95,"lower_bound":117343.25906277631,"upper_bound":118318.61398467433},"point_estimate":117764.829824671,"standard_error":241.4822735230121},"median_abs_dev":{"confidence_interval":{"confidence_level":0.95,"lower_bound":505.3597938901415,"upper_bound":1515.376158345745},"point_estimate":984.5762318245966,"standard_error":245.06265709292902},"slope":{"confidence_interval":{"confidence_level":0.95,"lower_bound":117365.1408219478,"upper_bound":117980.33784027502},"point_estimate":117647.68126941289,"standard_error":157.19628889788757},"std_dev":{"confidence_interval":{"confidence_level":0.95,"lower_bound":757.889204155155,"upper_bound":2370.0316184502294},"point_estimate":1661.6520114102505,"standard_error":431.1665057200356}}