{"mean":{"confidence_interval":{"confidence_level":0.95,"lower_bound":84156.19675881081,"upper_bound":85199.24598169621},"point_estimate":84680.81602310546,"standard_error":266.33332005137544},"median":{"confidence_interval":{"confidence_level":0.95,"lower_bound":83491.9985632184,"upper_bound":85458.49177115987},"point_estimate":85045.71650702428,"standard_error":436.3791304075962},"median_abs_dev":{"confidence_interval":{"confidence_level":0.95,"lower_bound":767.5081062015922,"upper_bound":2470.110786678381},"point_estimate":1995.05602069933,"standard_error":471.77105705189973},"slope":{"confidence_interval":{"confidence_level":0.95,"lower_bound":85132.59063248844,"upper_bound":85923.92253023948},"point_estimate":85537.36983168912,"standard_error":203.48226067780098},"std_dev":{"confidence_interval":{"confidence_level":0.95,"lower_bound":1224.9749455774845,"upper_bound":1656.7576445155526},"point_estimate":1486.034671049793,"standard_error":109.91795281580657}}