{"mean":{"confidence_interval":{"confidence_level":0.95,"lower_bound":19768.064003546402,"upper_bound":19878.187922216184},"point_estimate":19821.66196475368,"standard_error":28.144318965823548},"median":{"confidence_interval":{"confidence_level":0.95,"lower_bound":19720.992205882354,"upper_bound":19911.573985890653},"point_estimate":19799.873086072665,"standard_error":55.30358123379996},"median_abs_dev":{"confidence_interval":{"confidence_level":0.95,"lower_bound":100.58552849829432,"upper_bound":221.24816796748382},"point_estimate":198.19756321962475,"standard_error":32.82224678165619},"slope":{"confidence_interval":{"confidence_level":0.95,"lower_bound":19862.31310077652,"upper_bound":19935.506893371712},"point_estimate":19904.889413631132,"standard_error":18.654714080718282},"std_dev":{"confidence_interval":{"confidence_level":0.95,"lower_bound":116.46214732847241,"upper_bound":197.68621774144748},"point_estimate":157.12188663570277,"standard_error":21.58188577581477}}