{"mean":{"confidence_interval":{"confidence_level":0.95,"lower_bound":48492.17463707365,"upper_bound":49929.850102265744},"point_estimate":49201.71574985767,"standard_error":367.3958300615983},"median":{"confidence_interval":{"confidence_level":0.95,"lower_bound":47363.370303900454,"upper_bound":50103.43206030151},"point_estimate":49261.51264564581,"standard_error":628.2228379226981},"median_abs_dev":{"confidence_interval":{"confidence_level":0.95,"lower_bound":1017.7786237026091,"upper_bound":3238.5823992199407},"point_estimate":2831.2190480775225,"standard_error":566.6506416346733},"slope":{"confidence_interval":{"confidence_level":0.95,"lower_bound":48386.596749069075,"upper_bound":50109.39703367785},"point_estimate":49335.90985174418,"standard_error":439.31807289649964},"std_dev":{"confidence_interval":{"confidence_level":0.95,"lower_bound":1606.7173986938926,"upper_bound":2371.078507018366},"point_estimate":2038.400432953448,"standard_error":195.6160764755317}}