{"mean":{"confidence_interval":{"confidence_level":0.95,"lower_bound":79054.0973172115,"upper_bound":79935.87013054882},"point_estimate":79475.57151181553,"standard_error":225.1828368933404},"median":{"confidence_interval":{"confidence_level":0.95,"lower_bound":78679.05420483909,"upper_bound":79518.0792426953},"point_estimate":79008.19242032731,"standard_error":199.47851546966808},"median_abs_dev":{"confidence_interval":{"confidence_level":0.95,"lower_bound":476.0751878904771,"upper_bound":1475.0859057785246},"point_estimate":822.9007952975654,"standard_error":274.7278938924744},"slope":{"confidence_interval":{"confidence_level":0.95,"lower_bound":79336.90780064803,"upper_bound":80633.35171342667},"point_estimate":80033.30438429279,"standard_error":331.1823354720349},"std_dev":{"confidence_interval":{"confidence_level":0.95,"lower_bound":848.5175599123341,"upper_bound":1532.3974630246803},"point_estimate":1258.5918916104722,"standard_error":175.3529784962459}}