{"mean":{"confidence_interval":{"confidence_level":0.95,"lower_bound":1351005.665916156,"upper_bound":1368675.7322719411},"point_estimate":1360020.6638093241,"standard_error":4523.784821649926},"median":{"confidence_interval":{"confidence_level":0.95,"lower_bound":1345658.40625,"upper_bound":1381578.3229166665},"point_estimate":1369107.9296875,"standard_error":11190.630123576819},"median_abs_dev":{"confidence_interval":{"confidence_level":0.95,"lower_bound":4714.082926849075,"upper_bound":42608.166761476976},"point_estimate":22771.526901661982,"standard_error":11942.53507636704},"slope":{"confidence_interval":{"confidence_level":0.95,"lower_bound":1373829.4323117086,"upper_bound":1380984.1371452357},"point_estimate":1378330.2052221047,"standard_error":1830.17174400759},"std_dev":{"confidence_interval":{"confidence_level":0.95,"lower_bound":20339.49652993889,"upper_bound":28218.223136605066},"point_estimate":25262.60696975382,"standard_error":2004.870693028321}}